structure,sms_global_moy,sms_global_total,sms_best_moy (fsmb),philo_global_moy,philo_global_total,philo_best_moy (gsd),lemonde_moy,lemonde_total
subordonnees_qui,0.0028743457081480137,95,0.0,0.06328919002155836,411,0.0,0.0,0
subordonnees_que,0.0016338386130525552,54,0.0,0.019556513704958423,127,0.0,0.0,0
subordonnees_prep_lequel,0.0,0,0.0,0.03741915614413305,243,0.04303086997193639,0.0,0
subordonnees_dont,0.00021179389428459047,7,0.0,0.006929473360024638,45,0.0,0.0,0
completives,0.23155123899428157,7653,0.0,0.7340622112719434,4767,0.9494855004677268,0.4411653628270839,8177
hypothetiques,0.040180327372848025,1328,0.0,0.09223898983677241,599,0.10851262862488306,0.009819260857836526,182
gerondif,0.0002723064355087592,9,0.0,0.012781028641823221,83,0.0,0.026436471540329107,490
incises,0.0978487791594808,3234,0.0,0.6880197105020018,4468,0.9476145930776426,0.5094146209873213,9442
propositions_coordonnees,0.06169253577804,2039,0.0,0.22282106559901446,1447,0.304022450888681,0.13164283787429187,2440
